Ashjra'Kamas Shroud of Resolve,100
Suntouched Amulet,5
Decaying Fusion Core,5
Uncorrupted Voidwing,1
Mark of Honour,20
Devastation's Hour,3
Reins of the Bronze Drake,1
Reins of the Azure Drake,1
Reins of the Blue Drake,1
Reins of the Twilight Drake,1
Reins of the Red Drake,1
Reins of the Black War Mammoth,1
Reins of the Ice Mammoth,1
Reins of the Grand Black War Mammoth,1
Reins of the Grand Ice Mammoth,1
Reins of the White Polar Bear,1
Reins of the Brown Polar Bear,1
Reins of the Black Polar Bear,1
